{
  "round": 5,
  "instance": "3",
  "n_samples": 17120,
  "metrics": {
    "loss": 0.168215,
    "accuracy": 0.933178,
    "auc": 0.983712,
    "precision": 0.957747,
    "recall": 0.878158
  }
}