{
  "round": 3,
  "instance": "2",
  "n_samples": 20746,
  "metrics": {
    "loss": 0.189822,
    "accuracy": 0.916699,
    "auc": 0.978933,
    "precision": 0.905175,
    "recall": 0.942495
  }
}