{
  "round": 2,
  "instance": "2",
  "n_samples": 20746,
  "metrics": {
    "loss": 0.225355,
    "accuracy": 0.90725,
    "auc": 0.971308,
    "precision": 0.928151,
    "recall": 0.888054
  }
}