{
  "round": 1,
  "instance": "2",
  "n_samples": 20746,
  "metrics": {
    "loss": 0.297744,
    "accuracy": 0.852102,
    "auc": 0.95377,
    "precision": 0.802924,
    "recall": 0.945006
  }
}