{
  "round": 6,
  "instance": "3",
  "n_samples": 17120,
  "metrics": {
    "loss": 0.160672,
    "accuracy": 0.936215,
    "auc": 0.983349,
    "precision": 0.920742,
    "recall": 0.925424
  }
}