{
  "round": 1,
  "instance": "3",
  "n_samples": 17120,
  "metrics": {
    "loss": 0.243962,
    "accuracy": 0.888318,
    "auc": 0.964177,
    "precision": 0.901812,
    "recall": 0.832704
  }
}