{
  "round": 6,
  "instance": "1",
  "n_samples": 28000,
  "metrics": {
    "loss": 0.157525,
    "accuracy": 0.935419,
    "auc": 0.986094,
    "precision": 0.972861,
    "recall": 0.926819
  }
}