{
  "round": 6,
  "instance": "2",
  "n_samples": 20746,
  "metrics": {
    "loss": 0.158038,
    "accuracy": 0.93521,
    "auc": 0.984417,
    "precision": 0.946233,
    "recall": 0.931916
  }
}