{
  "round": 2,
  "instance": "3",
  "n_samples": 17120,
  "metrics": {
    "loss": 0.222581,
    "accuracy": 0.904907,
    "auc": 0.971172,
    "precision": 0.893898,
    "recall": 0.883696
  }
}